index,0
AAACCTGAGAGTACCG-1_G2,OB/OB AT 1
AAACCTGCACATTCGA-1_G2,OB/OB AT 2
AAACCTGTCTGAGTGT-1_G2,OB/OB AT 3
AAACGGGGTAATTGGA-1_G2,Uncommitted
AAACGGGGTAGGCTGA-1_G2,OB/OB AT 3
AAACGGGTCGTTACAG-1_G2,OB/OB AT 2
AAAGATGTCCTTTCGG-1_G2,OB/OB AT 2
AAAGATGTCGTCCGTT-1_G2,Uncommitted
AAAGCAACATTCACTT-1_G2,OB/OB AT 3
AAAGCAAGTAGCGTGA-1_G2,OB/OB AT 3
AAAGCAATCGGAAACG-1_G2,OB/OB AT 3
AAAGCAATCTGTCAAG-1_G2,OB/OB AT 3
AAAGTAGGTCGAGATG-1_G2,OB/OB AT 2
AACACGTGTGCACGAA-1_G2,OB/OB AT 1
AACACGTTCCGAACGC-1_G2,OB/OB AT 2
AACACGTTCCTGTAGA-1_G2,Uncommitted
AACCATGGTCTAGTGT-1_G2,OB/OB AT 1
AACCATGTCAACACTG-1_G2,Uncommitted
AACCGCGAGTGGGTTG-1_G2,Uncommitted
AACTCCCGTCATGCCG-1_G2,OB/OB AT 1
AACTCTTGTACGCTGC-1_G2,OB/OB AT 2
AACTCTTGTCTAGCGC-1_G2,OB/OB AT 3
AACTGGTCACAACTGT-1_G2,OB/OB AT 3
AACTGGTCACTATCTT-1_G2,OB/OB AT 3
AACTGGTCAGGGTTAG-1_G2,OB/OB AT 3
AACTTTCAGTAGCCGA-1_G2,Uncommitted
AACTTTCCACGAAATA-1_G2,OB/OB AT 3
AACTTTCCAGATGGGT-1_G2,OB/OB AT 2
AACTTTCCAGCTATTG-1_G2,OB/OB AT 1
AACTTTCGTTCCACGG-1_G2,Uncommitted
AAGACCTCACCACGTG-1_G2,OB/OB AT 3
AAGCCGCGTATGCTTG-1_G2,OB/OB AT 3
AAGCCGCTCTCAAACG-1_G2,OB/OB AT 3
AAGCCGCTCTGTGCAA-1_G2,Uncommitted
AAGGAGCGTCACACGC-1_G2,OB/OB AT 2
AAGGAGCTCCGCATAA-1_G2,OB/OB AT 1
AAGGCAGTCGGTTAAC-1_G2,OB/OB AT 3
AAGGTTCAGACCACGA-1_G2,Uncommitted
AAGGTTCAGAGAGCTC-1_G2,OB/OB AT 3
AAGGTTCAGCCACTAT-1_G2,OB/OB AT 1
AAGTCTGAGACATAAC-1_G2,Uncommitted
AAGTCTGTCAGTTGAC-1_G2,Uncommitted
AAGTCTGTCGTGGTCG-1_G2,OB/OB AT 3
AATCCAGTCAACACCA-1_G2,OB/OB AT 3
AATCGGTAGCTAACTC-1_G2,Uncommitted
AATCGGTAGGGTTCCC-1_G2,OB/OB AT 3
AATCGGTCAAGCCGTC-1_G2,OB/OB AT 3
AATCGGTCAGATCGGA-1_G2,OB/OB AT 3
AATCGGTGTACGAAAT-1_G2,OB/OB AT 2
AATCGGTGTTACGACT-1_G2,OB/OB AT 1
ACACCAATCACAGTAC-1_G2,Uncommitted
ACACCAATCGCCAAAT-1_G2,OB/OB AT 2
ACACCAATCTCTGAGA-1_G2,Uncommitted
ACACCCTAGTGTCTCA-1_G2,OB/OB AT 3
ACACCCTCAGTGGGAT-1_G2,OB/OB AT 3
ACACCGGCAAAGAATC-1_G2,OB/OB AT 2
ACACCGGGTATATGGA-1_G2,OB/OB AT 2
ACACCGGGTCAATACC-1_G2,OB/OB AT 1
ACACTGAAGAAGGACA-1_G2,OB/OB AT 2
ACACTGACATACTCTT-1_G2,OB/OB AT 2
ACACTGACATGGGACA-1_G2,OB/OB AT 2
ACACTGACATTCCTGC-1_G2,OB/OB AT 1
ACACTGAGTACATCCA-1_G2,OB/OB AT 2
ACACTGAGTCTAACGT-1_G2,Uncommitted
ACACTGATCGAATGCT-1_G2,OB/OB AT 3
ACAGCCGAGGTTACCT-1_G2,Uncommitted
ACAGCCGTCATAACCG-1_G2,OB/OB AT 3
ACATACGAGACACGAC-1_G2,Uncommitted
ACATACGAGGCATGTG-1_G2,OB/OB AT 3
ACATACGCATGCCCGA-1_G2,OB/OB AT 3
ACATACGGTGCAACGA-1_G2,OB/OB AT 3
ACATACGGTGCACCAC-1_G2,Uncommitted
ACATACGGTGCCTTGG-1_G2,Uncommitted
ACATACGTCCGTACAA-1_G2,OB/OB AT 2
ACATCAGAGTAACCCT-1_G2,OB/OB AT 2
ACATCAGCATCGTCGG-1_G2,OB/OB AT 3
ACATCAGTCCTACAGA-1_G2,OB/OB AT 1
ACATCAGTCGTCACGG-1_G2,Uncommitted
ACATGGTTCTGCTTGC-1_G2,OB/OB AT 3
ACCAGTACAGGATCGA-1_G2,OB/OB AT 1
ACCCACTAGAGACGAA-1_G2,Uncommitted
ACCCACTAGCTAAACA-1_G2,OB/OB AT 3
ACCCACTCAGACAAGC-1_G2,Uncommitted
ACCCACTGTCTGCGGT-1_G2,OB/OB AT 1
ACCCACTGTTTGGGCC-1_G2,OB/OB AT 2
ACCGTAAAGAAGGTGA-1_G2,OB/OB AT 3
ACCGTAAAGGTGTTAA-1_G2,OB/OB AT 2
ACCTTTAAGAATTGTG-1_G2,OB/OB AT 1
ACCTTTAAGAGGTACC-1_G2,OB/OB AT 3
ACCTTTAAGATCCCAT-1_G2,OB/OB AT 3
ACCTTTAAGCGATAGC-1_G2,OB/OB AT 3
ACCTTTAGTCTAGTCA-1_G2,OB/OB AT 1
ACGAGCCGTAGCTTGT-1_G2,OB/OB AT 2
ACGAGGAAGGAATTAC-1_G2,OB/OB AT 1
ACGAGGAGTAAGGATT-1_G2,OB/OB AT 3
ACGAGGAGTGATGATA-1_G2,OB/OB AT 1
ACGATACAGTTGTAGA-1_G2,OB/OB AT 3
ACGATGTCATAGACTC-1_G2,OB/OB AT 2
ACGATGTGTAAGTTCC-1_G2,OB/OB AT 3
ACGCAGCAGCTATGCT-1_G2,OB/OB AT 2
ACGCCAGTCCGTAGTA-1_G2,Uncommitted
ACGCCGACACGGCGTT-1_G2,OB/OB AT 1
ACGCCGAGTCTAAACC-1_G2,Uncommitted
ACGGAGAAGAGTACAT-1_G2,OB/OB AT 2
ACGGAGAAGATACACA-1_G2,OB/OB AT 1
ACGGAGACATGACATC-1_G2,Uncommitted
ACGGGCTAGAGGGATA-1_G2,OB/OB AT 3
ACGGGCTTCCACGTTC-1_G2,OB/OB AT 1
ACGGGTCGTGAGTGAC-1_G2,Uncommitted
ACGTCAAAGGATGGAA-1_G2,OB/OB AT 2
ACGTCAAAGTTAGCGG-1_G2,OB/OB AT 2
ACGTCAACAGTAGAGC-1_G2,OB/OB AT 3
ACGTCAAGTGAGGGTT-1_G2,OB/OB AT 2
ACGTCAAGTGCAGGTA-1_G2,OB/OB AT 2
ACTATCTGTCATCGGC-1_G2,Uncommitted
ACTATCTTCCACGAAT-1_G2,OB/OB AT 2
ACTGAACAGAGGGCTT-1_G2,OB/OB AT 3
ACTGAACCACTCTGTC-1_G2,OB/OB AT 1
ACTGAACGTATAGGTA-1_G2,OB/OB AT 3
ACTGATGAGCTAGTGG-1_G2,OB/OB AT 3
ACTGATGCAACCGCCA-1_G2,OB/OB AT 1
ACTGCTCCAAACCTAC-1_G2,OB/OB AT 2
ACTGCTCCAGTCCTTC-1_G2,OB/OB AT 1
ACTGCTCGTCCGAACC-1_G2,OB/OB AT 1
ACTGTCCCATCCGTGG-1_G2,OB/OB AT 2
ACTTACTAGCTCCTCT-1_G2,OB/OB AT 2
ACTTACTGTGCATCTA-1_G2,Uncommitted
ACTTACTTCGGAAATA-1_G2,Uncommitted
ACTTGTTTCGGTCTAA-1_G2,Uncommitted
ACTTTCAAGGCCGAAT-1_G2,Uncommitted
ACTTTCAGTCGCGAAA-1_G2,OB/OB AT 2
AGAATAGCACAACGCC-1_G2,OB/OB AT 2
AGAATAGCACATCCGG-1_G2,OB/OB AT 3
AGAATAGGTAAGGATT-1_G2,OB/OB AT 2
AGAGCGAGTCCCGACA-1_G2,Uncommitted
AGAGCTTAGAACAACT-1_G2,OB/OB AT 2
AGAGCTTGTTGCGTTA-1_G2,OB/OB AT 2
AGAGTGGAGGCAGGTT-1_G2,OB/OB AT 2
AGAGTGGTCCTCTAGC-1_G2,Uncommitted
AGATCTGAGCTGTCTA-1_G2,OB/OB AT 2
AGATCTGAGGCGTACA-1_G2,OB/OB AT 3
AGATCTGAGTCCCACG-1_G2,OB/OB AT 2
AGATTGCAGCCACGCT-1_G2,OB/OB AT 2
AGATTGCCACATCCAA-1_G2,Uncommitted
AGATTGCTCCCATTTA-1_G2,OB/OB AT 2
AGATTGCTCCTTTCTC-1_G2,Uncommitted
AGATTGCTCTTGTTTG-1_G2,Uncommitted
AGCATACAGCGCCTTG-1_G2,OB/OB AT 2
AGCATACGTGAGTGAC-1_G2,OB/OB AT 2
AGCCTAAAGTTCCACA-1_G2,OB/OB AT 1
AGCGGTCTCGATAGAA-1_G2,OB/OB AT 2
AGCGTATAGACCGGAT-1_G2,OB/OB AT 1
AGCGTCGCAGCTGGCT-1_G2,Uncommitted
AGCGTCGTCATGTAGC-1_G2,OB/OB AT 3
AGCGTCGTCCTTGGTC-1_G2,OB/OB AT 3
AGCTCCTTCGGATGGA-1_G2,OB/OB AT 3
AGCTCTCAGAGGACGG-1_G2,OB/OB AT 3
AGCTCTCGTAGTACCT-1_G2,OB/OB AT 3
AGCTTGACAACTGCTA-1_G2,OB/OB AT 3
AGCTTGACAATCGGTT-1_G2,Uncommitted
AGCTTGACATGAAGTA-1_G2,OB/OB AT 3
AGCTTGACATGTTCCC-1_G2,Uncommitted
AGCTTGAGTAAATGAC-1_G2,OB/OB AT 2
AGCTTGAGTGCTAGCC-1_G2,Uncommitted
AGGCCACCATACGCTA-1_G2,OB/OB AT 3
AGGCCACCATCTATGG-1_G2,OB/OB AT 1
AGGCCACGTTCTGAAC-1_G2,Uncommitted
AGGCCACTCACGCGGT-1_G2,OB/OB AT 2
AGGCCACTCCTTCAAT-1_G2,OB/OB AT 3
AGGCCGTAGTGTCTCA-1_G2,OB/OB AT 1
AGGCCGTCACAGCGTC-1_G2,OB/OB AT 2
AGGCCGTTCATCGGAT-1_G2,Uncommitted
AGGGAGTAGGATCGCA-1_G2,OB/OB AT 3
AGGGAGTGTACCGGCT-1_G2,OB/OB AT 2
AGGGATGCATGGTCAT-1_G2,OB/OB AT 3
AGGGATGGTAAAGGAG-1_G2,Uncommitted
AGGGTGATCTTGTATC-1_G2,OB/OB AT 1
AGGTCCGAGACTTGAA-1_G2,OB/OB AT 2
AGGTCCGGTGCTAGCC-1_G2,OB/OB AT 2
AGGTCCGTCAGAAATG-1_G2,OB/OB AT 3
AGTAGTCCAATCGAAA-1_G2,Uncommitted
AGTCTTTGTCTCTTTA-1_G2,OB/OB AT 3
AGTCTTTTCGGAGCAA-1_G2,Uncommitted
AGTGAGGAGCTAGGCA-1_G2,OB/OB AT 1
AGTGAGGAGGGTCTCC-1_G2,OB/OB AT 1
AGTGGGACAAGTACCT-1_G2,OB/OB AT 2
AGTGGGACAGCATACT-1_G2,OB/OB AT 2
AGTGTCACACGGCGTT-1_G2,OB/OB AT 3
AGTTGGTAGTAGCCGA-1_G2,Uncommitted
AGTTGGTTCAACACCA-1_G2,OB/OB AT 2
ATAACGCAGCGCCTCA-1_G2,Uncommitted
ATAACGCAGTCTTGCA-1_G2,Uncommitted
ATAAGAGAGAGATGAG-1_G2,Uncommitted
ATAAGAGCACAAGTAA-1_G2,Uncommitted
ATAGACCGTTGTACAC-1_G2,OB/OB AT 2
ATAGACCTCCTCGCAT-1_G2,Uncommitted
ATAGACCTCTACTATC-1_G2,OB/OB AT 2
ATCACGAAGAAACCAT-1_G2,OB/OB AT 3
ATCACGACACCGAAAG-1_G2,OB/OB AT 3
ATCACGACATGAACCT-1_G2,OB/OB AT 3
ATCATCTAGAGCTGGT-1_G2,OB/OB AT 2
ATCATGGAGCACACAG-1_G2,Uncommitted
ATCATGGAGGTGCACA-1_G2,OB/OB AT 3
ATCATGGAGTCATGCT-1_G2,Uncommitted
ATCATGGCATTCACTT-1_G2,OB/OB AT 2
ATCATGGTCCAAACTG-1_G2,Uncommitted
ATCCACCTCAGGCCCA-1_G2,OB/OB AT 2
ATCCACCTCCTAGGGC-1_G2,OB/OB AT 1
ATCCACCTCCTCAACC-1_G2,OB/OB AT 2
ATCCGAAGTGGGTATG-1_G2,OB/OB AT 3
ATCCGAAGTTAAAGAC-1_G2,Uncommitted
ATCGAGTCAATCCAAC-1_G2,OB/OB AT 2
ATCGAGTGTGCGAAAC-1_G2,OB/OB AT 3
ATCGAGTTCACGGTTA-1_G2,OB/OB AT 2
ATCGAGTTCTAACTTC-1_G2,OB/OB AT 2
ATCTACTAGCGTCAAG-1_G2,OB/OB AT 2
ATCTACTGTAGCGTAG-1_G2,OB/OB AT 2
ATCTACTGTTGTGGAG-1_G2,OB/OB AT 3
ATCTACTTCGCGATCG-1_G2,OB/OB AT 2
ATCTGCCCATCTCCCA-1_G2,OB/OB AT 2
ATCTGCCGTACAGACG-1_G2,OB/OB AT 2
ATCTGCCGTCCTAGCG-1_G2,OB/OB AT 3
ATGCGATAGCTAGGCA-1_G2,OB/OB AT 2
ATGCGATCACGGCCAT-1_G2,OB/OB AT 1
ATGCGATCACTGAAGG-1_G2,OB/OB AT 1
ATGGGAGAGACCACGA-1_G2,Uncommitted
ATGGGAGTCAACACCA-1_G2,Uncommitted
ATGGGAGTCTATCCTA-1_G2,OB/OB AT 2
ATGTGTGGTATGAAAC-1_G2,OB/OB AT 3
ATGTGTGGTGCGATAG-1_G2,Uncommitted
ATGTGTGGTTCAGCGC-1_G2,OB/OB AT 2
ATTACTCCACGCGAAA-1_G2,OB/OB AT 2
ATTACTCCATGCATGT-1_G2,OB/OB AT 2
ATTACTCTCACAACGT-1_G2,Uncommitted
ATTACTCTCGCTTGTC-1_G2,OB/OB AT 2
ATTATCCAGCGATAGC-1_G2,OB/OB AT 1
ATTATCCAGTGGTAGC-1_G2,Uncommitted
ATTATCCGTCGGGTCT-1_G2,OB/OB AT 3
ATTCTACAGGACGAAA-1_G2,OB/OB AT 1
ATTCTACAGTCCCACG-1_G2,OB/OB AT 3
ATTCTACCAGATCTGT-1_G2,OB/OB AT 3
ATTCTACGTCTGATCA-1_G2,OB/OB AT 3
ATTCTACTCAGTACGT-1_G2,OB/OB AT 3
ATTGGACAGACTAGAT-1_G2,OB/OB AT 1
ATTGGACCATTACCTT-1_G2,OB/OB AT 1
ATTGGTGAGAGACGAA-1_G2,OB/OB AT 3
ATTGGTGCAGGTCCAC-1_G2,OB/OB AT 2
ATTGGTGTCTGAAAGA-1_G2,OB/OB AT 3
ATTTCTGAGTGTACCT-1_G2,Uncommitted
ATTTCTGGTTGGACCC-1_G2,OB/OB AT 2
ATTTCTGTCCATGAAC-1_G2,Uncommitted
CAACCAACAACACCCG-1_G2,Uncommitted
CAACCAAGTCCGTTAA-1_G2,OB/OB AT 1
CAACCAAGTGGTACAG-1_G2,OB/OB AT 1
CAACCTCAGAGGACGG-1_G2,OB/OB AT 1
CAACCTCAGCGATATA-1_G2,OB/OB AT 2
CAACCTCGTACTTAGC-1_G2,OB/OB AT 1
CAACCTCGTGTGAATA-1_G2,Uncommitted
CAACTAGAGACGCTTT-1_G2,OB/OB AT 1
CAACTAGGTGCAGGTA-1_G2,OB/OB AT 2
CAACTAGGTTACGGAG-1_G2,OB/OB AT 3
CAAGAAAAGAGTCGGT-1_G2,Uncommitted
CAAGAAACACAGAGGT-1_G2,OB/OB AT 2
CAAGAAAGTTGGACCC-1_G2,OB/OB AT 2
CAAGAAATCCAAGCCG-1_G2,OB/OB AT 2
CAAGATCAGTGCTGCC-1_G2,Uncommitted
CAAGATCGTCCTAGCG-1_G2,OB/OB AT 3
CAAGGCCAGAGTCTGG-1_G2,OB/OB AT 2
CAAGGCCAGTGTACCT-1_G2,OB/OB AT 2
CAAGGCCCATGGATGG-1_G2,OB/OB AT 2
CAAGTTGAGTGTGGCA-1_G2,OB/OB AT 1
CACAAACAGCTTCGCG-1_G2,OB/OB AT 2
CACACAAGTCTAAACC-1_G2,OB/OB AT 3
CACACCTTCAGCTTAG-1_G2,Uncommitted
CACACTCAGATCACGG-1_G2,OB/OB AT 1
CACACTCAGGACGAAA-1_G2,OB/OB AT 2
CACACTCTCAAAGTAG-1_G2,OB/OB AT 2
CACAGTAGTTACCAGT-1_G2,Uncommitted
CACATAGCATGGTTGT-1_G2,OB/OB AT 3
CACATAGTCCTACAGA-1_G2,OB/OB AT 3
CACATTTCATGCTGGC-1_G2,OB/OB AT 3
CACATTTGTGATGATA-1_G2,Uncommitted
CACATTTGTTGGTAAA-1_G2,OB/OB AT 3
CACATTTTCAAACCAC-1_G2,Uncommitted
CACCACTAGTGAAGTT-1_G2,OB/OB AT 1
CACCACTGTCCATCCT-1_G2,OB/OB AT 1
CACCACTTCTTAGCCC-1_G2,OB/OB AT 1
CACTCCAAGCAGGTCA-1_G2,OB/OB AT 2
CACTCCAAGTCGAGTG-1_G2,Uncommitted
CACTCCAAGTGAACAT-1_G2,OB/OB AT 1
CAGAATCAGGGATCTG-1_G2,Uncommitted
CAGAATCTCAACGGCC-1_G2,OB/OB AT 2
CAGAATCTCAGCATGT-1_G2,Uncommitted
CAGAATCTCCGTTGTC-1_G2,Uncommitted
CAGAGAGGTCAGATAA-1_G2,Uncommitted
CAGAGAGTCTACGAGT-1_G2,OB/OB AT 3
CAGATCACATCACGTA-1_G2,OB/OB AT 3
CAGCAGCAGAGTCTGG-1_G2,Uncommitted
CAGCAGCCATGGTCAT-1_G2,Uncommitted
CAGCAGCGTAGCACGA-1_G2,Uncommitted
CAGCAGCTCCTTGGTC-1_G2,OB/OB AT 2
CAGCAGCTCGGTTAAC-1_G2,OB/OB AT 2
CAGCAGCTCGTAGGAG-1_G2,Uncommitted
CAGCATAAGGCAATTA-1_G2,OB/OB AT 2
CAGCATAAGTTGTAGA-1_G2,OB/OB AT 2
CAGCATACAGCTGTAT-1_G2,OB/OB AT 3
CAGCATAGTCACCCAG-1_G2,OB/OB AT 3
CAGCATAGTCGAAAGC-1_G2,OB/OB AT 3
CAGCATAGTTTGTTGG-1_G2,OB/OB AT 3
CAGCCGAGTACTTCTT-1_G2,OB/OB AT 1
CAGCGACAGGTGATTA-1_G2,OB/OB AT 1
CAGCGACCAGTATAAG-1_G2,OB/OB AT 1
CAGCGACGTCAAGCGA-1_G2,Uncommitted
CAGCTAAAGTAATCCC-1_G2,Uncommitted
CAGCTAATCACCTCGT-1_G2,OB/OB AT 1
CAGCTAATCAGCGATT-1_G2,OB/OB AT 1
CAGCTAATCGGAGGTA-1_G2,OB/OB AT 3
CAGCTAATCGGTTCGG-1_G2,OB/OB AT 2
CAGCTGGAGCGTCAAG-1_G2,OB/OB AT 3
CAGCTGGAGTGGGATC-1_G2,OB/OB AT 1
CAGCTGGGTGACCAAG-1_G2,Uncommitted
CAGGTGCGTAAGTGGC-1_G2,OB/OB AT 2
CAGGTGCTCGATCCCT-1_G2,OB/OB AT 2
CAGTAACAGCAAATCA-1_G2,Uncommitted
CAGTAACAGGTGGGTT-1_G2,OB/OB AT 2
CAGTAACCACCTCGTT-1_G2,OB/OB AT 2
CAGTAACTCGACCAGC-1_G2,OB/OB AT 1
CAGTCCTAGACGACGT-1_G2,OB/OB AT 2
CAGTCCTGTCTGGTCG-1_G2,OB/OB AT 3
CATATGGAGTTCGATC-1_G2,OB/OB AT 3
CATATGGGTCTTGTCC-1_G2,OB/OB AT 3
CATCAAGAGGCGTACA-1_G2,OB/OB AT 2
CATCAAGGTTAGATGA-1_G2,OB/OB AT 2
CATCAAGGTTCCACGG-1_G2,OB/OB AT 2
CATCAGAGTCGACTAT-1_G2,OB/OB AT 3
CATCAGATCTCTAAGG-1_G2,OB/OB AT 2
CATCCACAGACTAGAT-1_G2,OB/OB AT 3
CATCCACCACGGTAAG-1_G2,OB/OB AT 2
CATCCACGTCTGGAGA-1_G2,OB/OB AT 1
CATCCACGTGCGGTAA-1_G2,OB/OB AT 2
CATCGAAAGATGCCTT-1_G2,OB/OB AT 3
CATGACAAGCAATATG-1_G2,OB/OB AT 1
CATGACACAATGGTCT-1_G2,OB/OB AT 3
CATGACAGTAGGAGTC-1_G2,OB/OB AT 1
CATGACATCCGCAGTG-1_G2,OB/OB AT 2
CATGCCTGTCATCCCT-1_G2,Uncommitted
CATGCCTTCGGCTTGG-1_G2,Uncommitted
CATGGCGGTCTTGTCC-1_G2,OB/OB AT 3
CATTATCAGGCAGGTT-1_G2,Uncommitted
CATTATCGTCATATCG-1_G2,OB/OB AT 3
CATTCGCAGTGCTGCC-1_G2,OB/OB AT 2
CATTCGCCAAGGACAC-1_G2,OB/OB AT 3
CATTCGCCAGACTCGC-1_G2,Uncommitted
CATTCGCCATACCATG-1_G2,Uncommitted
CCAATCCAGCGTCAAG-1_G2,OB/OB AT 2
CCAATCCTCCGTCATC-1_G2,OB/OB AT 3
CCACCTAGTCAACTGT-1_G2,OB/OB AT 2
CCACCTAGTCCGAATT-1_G2,Uncommitted
CCACCTATCGCCAGCA-1_G2,OB/OB AT 2
CCACGGATCTCGAGTA-1_G2,Uncommitted
CCACTACTCATCGATG-1_G2,OB/OB AT 1
CCAGCGAAGGCTCATT-1_G2,Uncommitted
CCAGCGAAGGGATGGG-1_G2,OB/OB AT 2
CCAGCGACACAAGTAA-1_G2,Uncommitted
CCAGCGAGTAGAGCTG-1_G2,OB/OB AT 3
CCAGCGAGTCGCATAT-1_G2,Uncommitted
CCAGCGAGTCGGATCC-1_G2,OB/OB AT 3
CCAGCGATCTCGCTTG-1_G2,Uncommitted
CCATGTCGTCCCGACA-1_G2,OB/OB AT 2
CCATGTCGTCGGCTCA-1_G2,OB/OB AT 3
CCATGTCTCGGACAAG-1_G2,Uncommitted
CCATTCGAGACGCACA-1_G2,OB/OB AT 1
CCATTCGAGATTACCC-1_G2,Uncommitted
CCATTCGAGCGTGAGT-1_G2,OB/OB AT 2
CCATTCGGTGGCGAAT-1_G2,OB/OB AT 2
CCATTCGTCATGTAGC-1_G2,OB/OB AT 2
CCCAATCCAACGATGG-1_G2,OB/OB AT 1
CCCAATCCAAGGGTCA-1_G2,OB/OB AT 2
CCCAATCCACAGACTT-1_G2,OB/OB AT 1
CCCAATCGTCGATTGT-1_G2,OB/OB AT 3
CCCAATCTCGAATGCT-1_G2,OB/OB AT 1
CCCAGTTCAGACTCGC-1_G2,Uncommitted
CCCAGTTTCTCCGGTT-1_G2,OB/OB AT 2
CCCTCCTGTCATGCAT-1_G2,OB/OB AT 3
CCCTCCTTCGCATGGC-1_G2,OB/OB AT 2
CCGGTAGTCGATAGAA-1_G2,OB/OB AT 3
CCGTACTCAAGTCTAC-1_G2,OB/OB AT 3
CCGTGGAAGAGCAATT-1_G2,Uncommitted
CCGTGGACACGGTTTA-1_G2,OB/OB AT 2
CCGTTCACAATGAATG-1_G2,OB/OB AT 1
CCGTTCACACTGTGTA-1_G2,OB/OB AT 1
CCGTTCATCTAACGGT-1_G2,Uncommitted
CCTAAAGCACGTAAGG-1_G2,OB/OB AT 1
CCTAAAGCATGAACCT-1_G2,OB/OB AT 2
CCTAAAGCATTGGCGC-1_G2,Uncommitted
CCTAAAGGTGCATCTA-1_G2,OB/OB AT 1
CCTAAAGTCAACTCTT-1_G2,OB/OB AT 3
CCTACACCAGCCAATT-1_G2,OB/OB AT 1
CCTACACTCCTTTCGG-1_G2,OB/OB AT 2
CCTACACTCGTCCGTT-1_G2,OB/OB AT 3
CCTACCACACCATCCT-1_G2,Uncommitted
CCTACCATCGTGGTCG-1_G2,OB/OB AT 2
CCTAGCTAGTAAGTAC-1_G2,OB/OB AT 3
CCTAGCTTCCGCAGTG-1_G2,OB/OB AT 2
CCTAGCTTCTGGGCCA-1_G2,OB/OB AT 3
CCTATTACATTGAGCT-1_G2,OB/OB AT 1
CCTATTATCAGGCGAA-1_G2,OB/OB AT 2
CCTCAGTAGTGCCATT-1_G2,OB/OB AT 2
CCTCAGTGTAGCTTGT-1_G2,OB/OB AT 3
CCTCAGTGTCATCCCT-1_G2,OB/OB AT 2
CCTCAGTGTTTGTGTG-1_G2,OB/OB AT 3
CCTCAGTTCATCTGCC-1_G2,Uncommitted
CCTCTGAAGGACATTA-1_G2,OB/OB AT 2
CCTTACGGTCACACGC-1_G2,OB/OB AT 3
CCTTCCCAGATGCCAG-1_G2,OB/OB AT 3
CCTTCCCAGTGAAGAG-1_G2,OB/OB AT 2
CCTTCCCGTCGAAAGC-1_G2,OB/OB AT 1
CCTTCCCTCTGCCAGG-1_G2,OB/OB AT 1
CCTTCGAGTGAACCTT-1_G2,OB/OB AT 3
CCTTCGATCAACACTG-1_G2,OB/OB AT 3
CCTTTCTAGTGAACAT-1_G2,OB/OB AT 3
CGAACATAGAAGGACA-1_G2,OB/OB AT 1
CGAACATAGACTTGAA-1_G2,OB/OB AT 2
CGAACATAGATCCTGT-1_G2,Uncommitted
CGAACATTCCGTAGTA-1_G2,Uncommitted
CGAATGTTCTGATTCT-1_G2,Uncommitted
CGACCTTAGCTAACAA-1_G2,OB/OB AT 2
CGACCTTCAAGAAGAG-1_G2,OB/OB AT 3
CGACCTTGTCTGATCA-1_G2,OB/OB AT 2
CGACTTCAGAAACGAG-1_G2,OB/OB AT 2
CGACTTCAGGCCCTCA-1_G2,Uncommitted
CGACTTCCACACTGCG-1_G2,Uncommitted
CGAGAAGAGCTGTCTA-1_G2,OB/OB AT 2
CGAGAAGCAAAGCAAT-1_G2,Uncommitted
CGAGAAGGTATCAGTC-1_G2,OB/OB AT 3
CGAGCACAGCCCAGCT-1_G2,Uncommitted
CGAGCACCACTCTGTC-1_G2,Uncommitted
CGAGCACGTGTTCTTT-1_G2,OB/OB AT 3
CGAGCACTCCCAGGTG-1_G2,OB/OB AT 3
CGAGCCAAGATGGGTC-1_G2,OB/OB AT 1
CGAGCCAAGGCATGTG-1_G2,OB/OB AT 2
CGAGCCACACACATGT-1_G2,OB/OB AT 1
CGAGCCAGTAGTACCT-1_G2,OB/OB AT 2
CGAGCCAGTCTCCATC-1_G2,Uncommitted
CGAGCCAGTTCCACTC-1_G2,OB/OB AT 3
CGAGCCATCCGCGTTT-1_G2,OB/OB AT 2
CGATCGGAGGATGGTC-1_G2,OB/OB AT 1
CGATCGGAGTGTACGG-1_G2,OB/OB AT 3
CGATGGCCAAGGTTTC-1_G2,OB/OB AT 2
CGATGTAAGCAATCTC-1_G2,OB/OB AT 1
CGATGTACACAGACAG-1_G2,OB/OB AT 3
CGATTGAAGCGATCCC-1_G2,OB/OB AT 3
CGATTGAAGTACGATA-1_G2,OB/OB AT 3
CGATTGACACCGCTAG-1_G2,Uncommitted
CGCGGTAAGGTGCACA-1_G2,OB/OB AT 1
CGCGGTACACCGATAT-1_G2,OB/OB AT 3
CGCGGTATCCCAGGTG-1_G2,OB/OB AT 2
CGCGTTTGTACAGCAG-1_G2,OB/OB AT 3
CGCGTTTGTCTTCAAG-1_G2,OB/OB AT 3
CGCTATCAGGGTCTCC-1_G2,OB/OB AT 3
CGCTATCTCCTCAATT-1_G2,OB/OB AT 3
CGCTATCTCTTACCGC-1_G2,Uncommitted
CGCTGGACACATGTGT-1_G2,OB/OB AT 2
CGCTGGATCGCGCCAA-1_G2,OB/OB AT 1
CGCTTCACACCCATGG-1_G2,Uncommitted
CGCTTCAGTATGAATG-1_G2,OB/OB AT 1
CGCTTCAGTTTGTTGG-1_G2,OB/OB AT 3
CGCTTCATCGCGATCG-1_G2,OB/OB AT 2
CGCTTCATCGTCTGAA-1_G2,OB/OB AT 3
CGGACACTCGCGTTTC-1_G2,Uncommitted
CGGACGTCATCTCGCT-1_G2,Uncommitted
CGGACTGAGCACAGGT-1_G2,OB/OB AT 2
CGGACTGCAATCCAAC-1_G2,OB/OB AT 2
CGGAGCTAGCCACGCT-1_G2,OB/OB AT 3
CGGAGCTCAAAGGAAG-1_G2,OB/OB AT 3
CGGAGCTTCTCGTTTA-1_G2,Uncommitted
CGGCTAGTCGTTTATC-1_G2,OB/OB AT 3
CGGGTCACATTCGACA-1_G2,OB/OB AT 2
CGGGTCAGTCAGCTAT-1_G2,Uncommitted
CGGGTCATCCGCGTTT-1_G2,OB/OB AT 3
CGGGTCATCGGAGGTA-1_G2,OB/OB AT 2
CGGTTAAAGGAGTCTG-1_G2,OB/OB AT 1
CGGTTAACAGATGGCA-1_G2,OB/OB AT 2
CGGTTAAGTGCTCTTC-1_G2,OB/OB AT 3
CGGTTAAGTTACCAGT-1_G2,OB/OB AT 2
CGTAGCGAGGTGTGGT-1_G2,Uncommitted
CGTAGCGAGTCATCCA-1_G2,OB/OB AT 3
CGTAGCGCACTCAGGC-1_G2,Uncommitted
CGTAGCGCAGGGAGAG-1_G2,OB/OB AT 2
CGTAGCGCAGTCAGAG-1_G2,OB/OB AT 1
CGTAGGCTCTGTGCAA-1_G2,Uncommitted
CGTCACTGTCATATCG-1_G2,OB/OB AT 1
CGTCACTTCTGCGTAA-1_G2,OB/OB AT 1
CGTCAGGCAGCCTTTC-1_G2,OB/OB AT 1
CGTCAGGTCTTAGCCC-1_G2,OB/OB AT 1
CGTCCATTCTCGCATC-1_G2,Uncommitted
CGTCTACAGGCAAAGA-1_G2,OB/OB AT 2
CGTGAGCTCAACGGGA-1_G2,OB/OB AT 1
CGTGAGCTCACAAACC-1_G2,Uncommitted
CGTGTAACACCATGTA-1_G2,OB/OB AT 3
CGTGTCTAGTGAACAT-1_G2,OB/OB AT 2
CGTTAGAGTAAGGGAA-1_G2,OB/OB AT 1
CGTTCTGGTACTTGAC-1_G2,OB/OB AT 1
CGTTCTGGTTCGTGAT-1_G2,OB/OB AT 3
CGTTCTGGTTTGACAC-1_G2,OB/OB AT 3
CGTTCTGTCAAGGTAA-1_G2,OB/OB AT 3
CGTTGGGCATAACCTG-1_G2,OB/OB AT 3
CGTTGGGGTGGGTCAA-1_G2,OB/OB AT 2
CGTTGGGTCTGGTTCC-1_G2,Uncommitted
CTAACTTCAAGCTGTT-1_G2,OB/OB AT 3
CTAACTTTCATCTGCC-1_G2,Uncommitted
CTAACTTTCTTAACCT-1_G2,OB/OB AT 1
CTAAGACCAATGGAAT-1_G2,OB/OB AT 2
CTAAGACCATTGAGCT-1_G2,OB/OB AT 3
CTAAGACTCCGCGCAA-1_G2,OB/OB AT 3
CTAATGGAGCTATGCT-1_G2,OB/OB AT 3
CTAATGGCAAGTACCT-1_G2,OB/OB AT 1
CTAATGGGTGCCTGTG-1_G2,OB/OB AT 2
CTAATGGTCCGAACGC-1_G2,OB/OB AT 2
CTACATTAGGCATGGT-1_G2,OB/OB AT 3
CTACATTGTACGCACC-1_G2,OB/OB AT 1
CTACGTCCACCAGGTC-1_G2,OB/OB AT 1
CTACGTCGTCGTTGTA-1_G2,OB/OB AT 2
CTACGTCGTTATCGGT-1_G2,Uncommitted
CTACGTCGTTTCCACC-1_G2,Uncommitted
CTAGAGTAGGCGTACA-1_G2,OB/OB AT 2
CTAGCCTGTAGCACGA-1_G2,OB/OB AT 2
CTAGCCTGTTAAGAAC-1_G2,OB/OB AT 1
CTAGCCTTCAGGCAAG-1_G2,OB/OB AT 2
CTAGTGACACATCTTT-1_G2,Uncommitted
CTCACACTCTTTCCTC-1_G2,OB/OB AT 2
CTCAGAACAAACAACA-1_G2,OB/OB AT 1
CTCATTATCCTCTAGC-1_G2,OB/OB AT 1
CTCCTAGCAGGGATTG-1_G2,OB/OB AT 2
CTCGAAAAGTACGACG-1_G2,OB/OB AT 1
CTCGAAAGTCACACGC-1_G2,OB/OB AT 1
CTCGAAAGTCCGTGAC-1_G2,OB/OB AT 2
CTCGAAATCCGTAGGC-1_G2,OB/OB AT 2
CTCGAGGAGACAAAGG-1_G2,Uncommitted
CTCGAGGAGCCTCGTG-1_G2,OB/OB AT 2
CTCGAGGCACCACCAG-1_G2,OB/OB AT 2
CTCGAGGCAGTAAGCG-1_G2,OB/OB AT 1
CTCGAGGCATGCTGGC-1_G2,OB/OB AT 1
CTCGAGGGTTCACGGC-1_G2,OB/OB AT 2
CTCGGAGGTTGTGGCC-1_G2,OB/OB AT 3
CTCGGGACAATGGAGC-1_G2,OB/OB AT 2
CTCGGGATCAGGATCT-1_G2,Uncommitted
CTCGTACTCCACGTTC-1_G2,OB/OB AT 3
CTCGTACTCTTCAACT-1_G2,Uncommitted
CTCGTCACAAGCGATG-1_G2,OB/OB AT 2
CTCGTCAGTATAATGG-1_G2,OB/OB AT 3
CTCGTCAGTTTGACAC-1_G2,OB/OB AT 2
CTCTAATCACCCAGTG-1_G2,OB/OB AT 3
CTCTAATTCACAACGT-1_G2,Uncommitted
CTCTAATTCAGAGCTT-1_G2,OB/OB AT 2
CTCTACGGTGATAAAC-1_G2,OB/OB AT 3
CTCTACGTCATGCTCC-1_G2,OB/OB AT 1
CTCTGGTAGACAGAGA-1_G2,OB/OB AT 3
CTCTGGTCACTTGGAT-1_G2,OB/OB AT 1
CTCTGGTGTTCCCGAG-1_G2,OB/OB AT 2
CTGATAGGTCTGGAGA-1_G2,OB/OB AT 1
CTGATAGTCTGCAAGT-1_G2,OB/OB AT 3
CTGATCCGTGAGGGAG-1_G2,Uncommitted
CTGATCCGTTGTCTTT-1_G2,OB/OB AT 2
CTGCGGAGTAGTACCT-1_G2,OB/OB AT 3
CTGCGGATCTCCAGGG-1_G2,OB/OB AT 2
CTGCTGTAGTTAACGA-1_G2,Uncommitted
CTGCTGTTCATCTGCC-1_G2,OB/OB AT 2
CTGCTGTTCCAATGGT-1_G2,Uncommitted
CTGCTGTTCGAACGGA-1_G2,OB/OB AT 1
CTGGTCTGTAGTACCT-1_G2,OB/OB AT 3
CTGGTCTGTCTAGTCA-1_G2,OB/OB AT 3
CTGGTCTTCCGCAGTG-1_G2,OB/OB AT 3
CTGTGCTGTCTCATCC-1_G2,OB/OB AT 2
CTGTGCTGTTATGTGC-1_G2,Uncommitted
CTGTTTAAGCCGGTAA-1_G2,OB/OB AT 2
CTGTTTAAGTTGTAGA-1_G2,Uncommitted
CTGTTTAGTATATCCG-1_G2,Uncommitted
CTGTTTAGTTCCCTTG-1_G2,Uncommitted
CTGTTTATCTTGAGGT-1_G2,OB/OB AT 3
CTTAACTGTCTCCACT-1_G2,Uncommitted
CTTAACTTCTGTGCAA-1_G2,OB/OB AT 3
CTTACCGAGGAGTAGA-1_G2,OB/OB AT 1
CTTACCGCACAGTCGC-1_G2,OB/OB AT 3
CTTACCGCACCGAAAG-1_G2,OB/OB AT 2
CTTAGGAAGGTGGGTT-1_G2,OB/OB AT 2
CTTAGGAGTTGATTGC-1_G2,OB/OB AT 2
CTTAGGATCCTTGCCA-1_G2,Uncommitted
CTTCTCTAGACGACGT-1_G2,OB/OB AT 2
CTTCTCTTCAGGATCT-1_G2,OB/OB AT 3
CTTGGCTCAATCACAC-1_G2,OB/OB AT 3
CTTGGCTGTTCACGGC-1_G2,OB/OB AT 2
CTTGGCTTCGCCGTGA-1_G2,OB/OB AT 1
CTTGGCTTCGCGTTTC-1_G2,OB/OB AT 3
CTTTGCGCATAGACTC-1_G2,OB/OB AT 1
CTTTGCGGTTAAGTAG-1_G2,Uncommitted
CTTTGCGGTTATCGGT-1_G2,OB/OB AT 2
CTTTGCGTCACGCGGT-1_G2,OB/OB AT 1
CTTTGCGTCGCTTGTC-1_G2,OB/OB AT 3
CTTTGCGTCGTATCAG-1_G2,OB/OB AT 2
GAAACTCAGTCGATAA-1_G2,OB/OB AT 3
GAAACTCCAAGTTGTC-1_G2,Uncommitted
GAAACTCCAATGAAAC-1_G2,OB/OB AT 2
GAAACTCGTTAAAGAC-1_G2,OB/OB AT 2
GAAATGACAATGGATA-1_G2,OB/OB AT 3
GAAATGACATGGTCTA-1_G2,Uncommitted
GAAATGAGTGCAGTAG-1_G2,OB/OB AT 1
GAAATGAGTTGCGCAC-1_G2,Uncommitted
GAACATCAGACCGGAT-1_G2,OB/OB AT 3
GAACATCCAACTGCGC-1_G2,OB/OB AT 2
GAACATCCAATAAGCA-1_G2,OB/OB AT 3
GAACATCCACACAGAG-1_G2,OB/OB AT 3
GAACATCGTGGGTCAA-1_G2,Uncommitted
GAACATCTCTGAAAGA-1_G2,OB/OB AT 2
GAACCTAAGAAGAAGC-1_G2,OB/OB AT 3
GAACCTATCGTCTGCT-1_G2,OB/OB AT 1
GAACGGAAGCCTTGAT-1_G2,OB/OB AT 2
GAACGGAAGTCGTACT-1_G2,OB/OB AT 3
GAACGGATCATTCACT-1_G2,OB/OB AT 1
GAAGCAGAGACAGAGA-1_G2,OB/OB AT 3
GAAGCAGGTCGCGGTT-1_G2,Uncommitted
GAATGAAAGCGTGAGT-1_G2,Uncommitted
GAATGAAAGTCTTGCA-1_G2,OB/OB AT 3
GAATGAACACACCGAC-1_G2,OB/OB AT 3
GAATGAACATTTGCCC-1_G2,OB/OB AT 3
GACACGCGTCTAAACC-1_G2,OB/OB AT 2
GACACGCTCACGATGT-1_G2,OB/OB AT 3
GACCAATCACGCTTTC-1_G2,OB/OB AT 3
GACCAATTCTTGTCAT-1_G2,OB/OB AT 1
GACCTGGAGGCTAGAC-1_G2,Uncommitted
GACCTGGCAAGTCATC-1_G2,OB/OB AT 2
GACCTGGCACATGGGA-1_G2,OB/OB AT 3
GACGCGTCAACTTGAC-1_G2,Uncommitted
GACGGCTAGCGGCTTC-1_G2,OB/OB AT 3
GACGGCTCAAGACACG-1_G2,Uncommitted
GACGGCTTCATCATTC-1_G2,OB/OB AT 3
GACGGCTTCCAGTATG-1_G2,OB/OB AT 1
GACGGCTTCTCGCTTG-1_G2,OB/OB AT 3
GACGTGCTCTGGTTCC-1_G2,OB/OB AT 2
GACGTTAAGAGGACGG-1_G2,OB/OB AT 2
GACGTTAGTATAGTAG-1_G2,OB/OB AT 2
GACGTTATCGGCTACG-1_G2,Uncommitted
GACTAACAGTTAGCGG-1_G2,OB/OB AT 1
GACTAACCATTCACTT-1_G2,OB/OB AT 2
GACTACACAATGGAGC-1_G2,Uncommitted
GACTACAGTCTGCGGT-1_G2,OB/OB AT 1
GACTGCGAGCTTCGCG-1_G2,OB/OB AT 2
GACTGCGAGTGAATTG-1_G2,OB/OB AT 2
GACTGCGCAAAGCAAT-1_G2,OB/OB AT 2
GACTGCGCAATCAGAA-1_G2,OB/OB AT 2
GACTGCGTCAGCTGGC-1_G2,OB/OB AT 3
GAGCAGAAGTGGCACA-1_G2,OB/OB AT 3
GAGCAGACAAGTTGTC-1_G2,Uncommitted
GAGCAGACAGATGAGC-1_G2,OB/OB AT 2
GAGCAGAGTCGGCTCA-1_G2,OB/OB AT 3
GAGGTGAGTGAGTGAC-1_G2,Uncommitted
GAGGTGAGTTTAGGAA-1_G2,OB/OB AT 1
GAGGTGATCGCTGATA-1_G2,OB/OB AT 1
GAGTCCGGTCGCCATG-1_G2,OB/OB AT 3
GAGTCCGGTCTAACGT-1_G2,OB/OB AT 3
GAGTCCGTCCGCAGTG-1_G2,OB/OB AT 2
GATCGATAGCGTTTAC-1_G2,OB/OB AT 3
GATCGATCAGGCTGAA-1_G2,OB/OB AT 3
GATCGCGCAATGGACG-1_G2,OB/OB AT 2
GATCGTAGTTCATGGT-1_G2,OB/OB AT 2
GATCGTATCTTTACAC-1_G2,OB/OB AT 1
GATCTAGAGTAGGTGC-1_G2,Uncommitted
GATCTAGCACCGTTGG-1_G2,OB/OB AT 2
GATCTAGGTGCCTTGG-1_G2,OB/OB AT 1
GATCTAGTCTACCTGC-1_G2,OB/OB AT 3
GATGAAAAGCGCTCCA-1_G2,OB/OB AT 2
GATGAAACACATCCGG-1_G2,OB/OB AT 3
GATGAAATCGCTTGTC-1_G2,Uncommitted
GATGAAATCTTGCCGT-1_G2,OB/OB AT 1
GATGAGGCACAGCCCA-1_G2,OB/OB AT 3
GATGAGGTCTGCAAGT-1_G2,OB/OB AT 1
GATGCTATCAAACAAG-1_G2,OB/OB AT 1
GCAAACTAGAATGTTG-1_G2,Uncommitted
GCAAACTGTATTCGTG-1_G2,Uncommitted
GCAAACTTCTGGCGAC-1_G2,Uncommitted
GCAATCAGTTGTCGCG-1_G2,OB/OB AT 2
GCACATAAGAGGTACC-1_G2,OB/OB AT 1
GCACATAAGTGAAGTT-1_G2,OB/OB AT 2
GCACATAGTAAATACG-1_G2,OB/OB AT 3
GCACTCTAGCCCAGCT-1_G2,OB/OB AT 2
GCACTCTCAGCTTAAC-1_G2,OB/OB AT 1
GCACTCTCAGTATCTG-1_G2,Uncommitted
GCACTCTTCCAAGTAC-1_G2,OB/OB AT 1
GCACTCTTCTAACTCT-1_G2,OB/OB AT 3
GCAGCCAAGGTGCTAG-1_G2,OB/OB AT 3
GCAGCCAGTCGCGTGT-1_G2,OB/OB AT 1
GCAGCCAGTTAGGGTG-1_G2,Uncommitted
GCAGTTAAGAGTGAGA-1_G2,OB/OB AT 2
GCATACAAGGTCGGAT-1_G2,OB/OB AT 2
GCATACAGTCCGTGAC-1_G2,OB/OB AT 3
GCATGATCACCTGGTG-1_G2,Uncommitted
GCATGATCACTAAGTC-1_G2,OB/OB AT 3
GCATGATCACTAGTAC-1_G2,OB/OB AT 2
GCATGCGGTCCGAAGA-1_G2,OB/OB AT 2
GCATGCGTCAAACGGG-1_G2,OB/OB AT 3
GCATGCGTCCCAACGG-1_G2,OB/OB AT 3
GCCAAATAGTACGACG-1_G2,Uncommitted
GCCAAATGTCGATTGT-1_G2,OB/OB AT 3
GCCAAATGTCGGATCC-1_G2,OB/OB AT 2
GCCAAATTCCGGGTGT-1_G2,OB/OB AT 2
GCCTCTACACTCTGTC-1_G2,OB/OB AT 3
GCGACCAGTCGCGGTT-1_G2,OB/OB AT 1
GCGACCATCGCTTGTC-1_G2,Uncommitted
GCGAGAAAGCTCAACT-1_G2,OB/OB AT 2
GCGAGAATCCGGGTGT-1_G2,OB/OB AT 1
GCGCAACGTCTTGCGG-1_G2,OB/OB AT 2
GCGCAACGTGTCTGAT-1_G2,OB/OB AT 2
GCGCAACTCATTCACT-1_G2,OB/OB AT 2
GCGCAGTAGTGTACGG-1_G2,OB/OB AT 2
GCGCAGTCAGGCTCAC-1_G2,OB/OB AT 3
GCGCAGTGTTAAGAAC-1_G2,OB/OB AT 3
GCGCAGTGTTGTCTTT-1_G2,OB/OB AT 3
GCGCCAAAGCAGCGTA-1_G2,OB/OB AT 2
GCGCCAACATCATCCC-1_G2,OB/OB AT 1
GCGCCAATCGGAGGTA-1_G2,OB/OB AT 3
GCGCGATAGCCTATGT-1_G2,OB/OB AT 3
GCGCGATTCTACCTGC-1_G2,Uncommitted
GCGGGTTAGCCAGAAC-1_G2,OB/OB AT 2
GCGGGTTAGCGTCTAT-1_G2,OB/OB AT 3
GCTGCAGAGCTTCGCG-1_G2,Uncommitted
GCTGCAGCAGACTCGC-1_G2,OB/OB AT 2
GCTGCAGCAGGAATCG-1_G2,OB/OB AT 1
GCTGCAGGTCGTCTTC-1_G2,OB/OB AT 3
GCTGCGAGTTGTGGAG-1_G2,OB/OB AT 1
GCTGCTTAGTCATCCA-1_G2,OB/OB AT 3
GCTGGGTCACGGTAAG-1_G2,OB/OB AT 3
GCTGGGTTCGATCCCT-1_G2,Uncommitted
GCTTCCAGTACAGCAG-1_G2,Uncommitted
GCTTCCAGTAGATTAG-1_G2,Uncommitted
GCTTGAAAGATGGCGT-1_G2,OB/OB AT 2
GCTTGAAAGCTTATCG-1_G2,OB/OB AT 3
GCTTGAAAGGCCATAG-1_G2,OB/OB AT 2
GCTTGAACACGGTAGA-1_G2,OB/OB AT 3
GCTTGAAGTAGAGTGC-1_G2,OB/OB AT 1
GCTTGAATCGAGCCCA-1_G2,Uncommitted
GGAAAGCGTCACTTCC-1_G2,OB/OB AT 3
GGAAAGCGTCTACCTC-1_G2,OB/OB AT 2
GGAAAGCTCGCGATCG-1_G2,OB/OB AT 3
GGAACTTAGGGAAACA-1_G2,OB/OB AT 1
GGAACTTCAAAGTCAA-1_G2,OB/OB AT 1
GGAACTTCATCAGTAC-1_G2,OB/OB AT 2
GGAACTTTCAAACGGG-1_G2,OB/OB AT 2
GGAACTTTCACGCGGT-1_G2,Uncommitted
GGAATAAAGTACGACG-1_G2,OB/OB AT 3
GGAATAACATTCACTT-1_G2,OB/OB AT 3
GGAATAAGTCAATACC-1_G2,OB/OB AT 3
GGAATAAGTTGCGCAC-1_G2,Uncommitted
GGAATAATCGACGGAA-1_G2,OB/OB AT 2
GGACAAGAGGAGTTGC-1_G2,OB/OB AT 3
GGACAGAGTGCCTTGG-1_G2,OB/OB AT 1
GGACAGATCGTTGACA-1_G2,OB/OB AT 2
GGACATTCAACACCTA-1_G2,Uncommitted
GGACATTGTTCTGTTT-1_G2,Uncommitted
GGACATTTCAGCGACC-1_G2,OB/OB AT 3
GGACGTCCACCATCCT-1_G2,Uncommitted
GGACGTCCAGGATCGA-1_G2,OB/OB AT 3
GGAGCAAAGATACACA-1_G2,OB/OB AT 2
GGAGCAAAGGTGCTAG-1_G2,OB/OB AT 1
GGAGCAACAGCTGTTA-1_G2,OB/OB AT 2
GGAGCAACATACAGCT-1_G2,OB/OB AT 3
GGAGCAAGTTCCAACA-1_G2,OB/OB AT 3
GGAGCAATCAAACCGT-1_G2,Uncommitted
GGAGCAATCATCACCC-1_G2,OB/OB AT 2
GGAGCAATCCCTGACT-1_G2,OB/OB AT 2
GGAGCAATCTGCTGCT-1_G2,OB/OB AT 3
GGATGTTAGTCCGTAT-1_G2,OB/OB AT 2
GGATTACCATGCAACT-1_G2,OB/OB AT 1
GGATTACGTAAGTTCC-1_G2,OB/OB AT 3
GGATTACTCTCCAACC-1_G2,OB/OB AT 2
GGCAATTAGGCCCTCA-1_G2,OB/OB AT 3
GGCCGATAGTGACTCT-1_G2,OB/OB AT 3
GGCCGATTCCAAACTG-1_G2,OB/OB AT 3
GGCGACTAGCAGGTCA-1_G2,OB/OB AT 3
GGCGACTGTACCATCA-1_G2,OB/OB AT 2
GGCTCGAAGCACAGGT-1_G2,OB/OB AT 1
GGCTCGAAGGCTAGGT-1_G2,OB/OB AT 1
GGCTCGACATATACCG-1_G2,OB/OB AT 1
GGCTGGTAGTCACGCC-1_G2,OB/OB AT 1
GGCTGGTAGTGCGTGA-1_G2,OB/OB AT 1
GGCTGGTCATTGTGCA-1_G2,OB/OB AT 2
GGCTGGTTCTGGTGTA-1_G2,OB/OB AT 1
GGGAATGAGTTCGCAT-1_G2,OB/OB AT 1
GGGAATGCAGAGTGTG-1_G2,OB/OB AT 3
GGGAATGTCTACTCAT-1_G2,OB/OB AT 2
GGGAGATAGGCGATAC-1_G2,Uncommitted
GGGAGATCAGATGGCA-1_G2,OB/OB AT 2
GGGATGACAGTCAGAG-1_G2,OB/OB AT 3
GGGCACTCAGAAGCAC-1_G2,OB/OB AT 3
GGGCACTTCTCAAGTG-1_G2,OB/OB AT 2
GGGTTGCCAGTTTACG-1_G2,OB/OB AT 2
GGGTTGCGTAGAAGGA-1_G2,OB/OB AT 2
GGGTTGCGTGGTAACG-1_G2,OB/OB AT 1
GGGTTGCTCCATGAGT-1_G2,OB/OB AT 1
GGGTTGCTCGTTTATC-1_G2,OB/OB AT 3
GGTATTGAGATGAGAG-1_G2,OB/OB AT 2
GGTATTGCACATCTTT-1_G2,OB/OB AT 3
GGTATTGCAGCCTGTG-1_G2,OB/OB AT 3
GGTGAAGCATATACCG-1_G2,OB/OB AT 1
GGTGAAGTCAACTCTT-1_G2,OB/OB AT 3
GGTGCGTAGTTGAGTA-1_G2,OB/OB AT 2
GGTGCGTCAGTATCTG-1_G2,OB/OB AT 3
GGTGCGTCATGCCACG-1_G2,OB/OB AT 1
GGTGCGTGTAAAGTCA-1_G2,OB/OB AT 3
GGTGCGTGTACAGTGG-1_G2,OB/OB AT 2
GGTGTTACAATTCCTT-1_G2,OB/OB AT 3
GGTGTTATCCGTCAAA-1_G2,OB/OB AT 2
GGTGTTATCCTACAGA-1_G2,OB/OB AT 2
GGTGTTATCTTTACAC-1_G2,Uncommitted
GTAACGTAGGCACATG-1_G2,OB/OB AT 1
GTAACGTAGTGTACCT-1_G2,Uncommitted
GTAACGTCATTAGGCT-1_G2,OB/OB AT 3
GTAACGTGTTCCAACA-1_G2,OB/OB AT 2
GTAACGTGTTGACGTT-1_G2,Uncommitted
GTAACTGTCATACGGT-1_G2,OB/OB AT 3
GTAACTGTCGTGGGAA-1_G2,OB/OB AT 1
GTAACTGTCTGCGTAA-1_G2,OB/OB AT 3
GTACGTAAGGCGATAC-1_G2,Uncommitted
GTACGTATCTGTCTCG-1_G2,OB/OB AT 2
GTACTCCCAAACGTGG-1_G2,OB/OB AT 3
GTACTCCCACCCTATC-1_G2,OB/OB AT 3
GTACTCCTCTGGGCCA-1_G2,OB/OB AT 2
GTACTTTAGCTTATCG-1_G2,OB/OB AT 3
GTACTTTCAGGCTGAA-1_G2,OB/OB AT 2
GTAGGCCAGTGACTCT-1_G2,Uncommitted
GTAGGCCGTTTCCACC-1_G2,Uncommitted
GTAGGCCTCAGCTTAG-1_G2,OB/OB AT 2
GTAGTCAAGCCCAATT-1_G2,OB/OB AT 1
GTAGTCACAGCCTTGG-1_G2,OB/OB AT 2
GTAGTCAGTCTCACCT-1_G2,Uncommitted
GTAGTCATCGCGTAGC-1_G2,OB/OB AT 2
GTATCTTGTCGCTTTC-1_G2,OB/OB AT 1
GTATTCTGTGCAGACA-1_G2,Uncommitted
GTCAAGTAGCAACGGT-1_G2,OB/OB AT 3
GTCAAGTCAATCTACG-1_G2,OB/OB AT 1
GTCAAGTCAGGAACGT-1_G2,OB/OB AT 3
GTCAAGTCAGTCAGAG-1_G2,Uncommitted
GTCAAGTGTAGCGTCC-1_G2,OB/OB AT 3
GTCAAGTTCCGTACAA-1_G2,OB/OB AT 2
GTCAAGTTCGTGACAT-1_G2,OB/OB AT 2
GTCACAAAGGGCATGT-1_G2,OB/OB AT 2
GTCACGGGTAGCGCAA-1_G2,OB/OB AT 2
GTCATTTAGGGTTCCC-1_G2,OB/OB AT 1
GTCCTCAAGTACGTTC-1_G2,OB/OB AT 1
GTCCTCACAAACCTAC-1_G2,OB/OB AT 1
GTCCTCACACTAGTAC-1_G2,Uncommitted
GTCCTCACAGGTCGTC-1_G2,OB/OB AT 1
GTCCTCATCTCAAACG-1_G2,Uncommitted
GTCGGGTCACTCAGGC-1_G2,OB/OB AT 3
GTCGTAAAGTACGCCC-1_G2,Uncommitted
GTCGTAATCTTATCTG-1_G2,OB/OB AT 1
GTCTCGTAGAGCAATT-1_G2,OB/OB AT 3
GTCTCGTAGCAAATCA-1_G2,OB/OB AT 2
GTCTCGTAGTGTACCT-1_G2,OB/OB AT 3
GTCTCGTTCCTAGAAC-1_G2,Uncommitted
GTCTCGTTCGCCGTGA-1_G2,OB/OB AT 2
GTCTCGTTCTGTCAAG-1_G2,OB/OB AT 2
GTCTCGTTCTTTACAC-1_G2,Uncommitted
GTCTTCGAGTGCGTGA-1_G2,OB/OB AT 3
GTCTTCGGTGCCTGTG-1_G2,OB/OB AT 3
GTCTTCGTCGGTGTTA-1_G2,OB/OB AT 3
GTGAAGGAGTAGCGGT-1_G2,OB/OB AT 2
GTGAAGGCACGGCGTT-1_G2,OB/OB AT 1
GTGCAGCTCCACGACG-1_G2,OB/OB AT 1
GTGCATAAGCTAAACA-1_G2,OB/OB AT 1
GTGCATATCCACGAAT-1_G2,OB/OB AT 3
GTGCGGTAGACAGAGA-1_G2,Uncommitted
GTGCGGTAGTACGATA-1_G2,OB/OB AT 2
GTGCGGTGTGCATCTA-1_G2,OB/OB AT 2
GTGCGGTTCACTCTTA-1_G2,OB/OB AT 2
GTGCGGTTCGACCAGC-1_G2,OB/OB AT 3
GTGCTTCAGATGCGAC-1_G2,OB/OB AT 3
GTGCTTCAGGACGAAA-1_G2,OB/OB AT 3
GTGCTTCGTCTCGTTC-1_G2,OB/OB AT 1
GTGCTTCTCTGTCCGT-1_G2,OB/OB AT 3
GTGCTTCTCTTAGCCC-1_G2,OB/OB AT 2
GTGGGTCAGAGTCTGG-1_G2,Uncommitted
GTGGGTCAGCCGCCTA-1_G2,Uncommitted
GTGGGTCCACCGAATT-1_G2,OB/OB AT 3
GTGGGTCCACCGGAAA-1_G2,OB/OB AT 2
GTGTGCGAGTCTTGCA-1_G2,OB/OB AT 3
GTGTGCGCAATCTACG-1_G2,OB/OB AT 3
GTGTGCGGTCTCATCC-1_G2,OB/OB AT 3
GTGTGCGGTGAGCGAT-1_G2,OB/OB AT 3
GTGTTAGGTGCCTTGG-1_G2,OB/OB AT 2
GTGTTAGTCCGTCAAA-1_G2,OB/OB AT 3
GTTAAGCAGGATCGCA-1_G2,Uncommitted
GTTAAGCGTTTGTTTC-1_G2,OB/OB AT 1
GTTAAGCTCCACTGGG-1_G2,OB/OB AT 2
GTTACAGAGAGCAATT-1_G2,OB/OB AT 3
GTTCATTCACCAGTTA-1_G2,Uncommitted
GTTCGGGAGATAGTCA-1_G2,OB/OB AT 3
GTTCGGGGTCTCCACT-1_G2,Uncommitted
GTTCGGGGTGTGGTTT-1_G2,OB/OB AT 3
GTTCTCGAGCACCGCT-1_G2,OB/OB AT 3
GTTTCTAAGTTACGGG-1_G2,OB/OB AT 2
TAAACCGCAGAGCCAA-1_G2,OB/OB AT 3
TAAGAGAAGCCAGTTT-1_G2,OB/OB AT 3
TAAGAGAGTCTTTCAT-1_G2,OB/OB AT 3
TAAGAGAGTTGGACCC-1_G2,OB/OB AT 3
TAAGAGATCAGAGACG-1_G2,OB/OB AT 3
TAAGAGATCGTAGGAG-1_G2,OB/OB AT 3
TAAGCGTAGTCGAGTG-1_G2,OB/OB AT 2
TAAGCGTCACTGTGTA-1_G2,OB/OB AT 2
TACACGAGTAAACCTC-1_G2,OB/OB AT 1
TACACGAGTCTACCTC-1_G2,OB/OB AT 3
TACACGATCTTGCAAG-1_G2,Uncommitted
TACAGTGAGGGATCTG-1_G2,OB/OB AT 3
TACAGTGCAGTTTACG-1_G2,Uncommitted
TACCTATCACGGTGTC-1_G2,Uncommitted
TACCTATTCAAAGACA-1_G2,OB/OB AT 1
TACGGATCAGACTCGC-1_G2,Uncommitted
TACGGATCATGTTCCC-1_G2,OB/OB AT 2
TACGGATTCAACACAC-1_G2,OB/OB AT 3
TACGGGCAGAGCCCAA-1_G2,OB/OB AT 3
TACGGGCGTAATCACC-1_G2,OB/OB AT 2
TACGGGCGTAGCGATG-1_G2,Uncommitted
TACGGTAAGTTAACGA-1_G2,OB/OB AT 2
TACGGTACAAGCGCTC-1_G2,OB/OB AT 2
TACGGTAGTCGAGATG-1_G2,Uncommitted
TACTCATAGGATATAC-1_G2,OB/OB AT 2
TACTCATGTAAGTAGT-1_G2,OB/OB AT 2
TACTCGCCATGAGCGA-1_G2,Uncommitted
TACTCGCGTTTACTCT-1_G2,OB/OB AT 2
TACTTACAGACCTAGG-1_G2,OB/OB AT 2
TACTTGTAGGGATACC-1_G2,OB/OB AT 2
TACTTGTCAGCCAGAA-1_G2,OB/OB AT 2
TACTTGTGTCCGTCAG-1_G2,Uncommitted
TAGACCAAGCCCGAAA-1_G2,OB/OB AT 2
TAGAGCTCACATCCAA-1_G2,OB/OB AT 1
TAGAGCTGTGCTTCTC-1_G2,Uncommitted
TAGAGCTGTGTTGAGG-1_G2,OB/OB AT 2
TAGAGCTTCCGCATCT-1_G2,OB/OB AT 2
TAGCCGGAGTGGTAAT-1_G2,OB/OB AT 1
TAGCCGGTCTGATTCT-1_G2,OB/OB AT 3
TAGTGGTGTCAAACTC-1_G2,OB/OB AT 1
TAGTTGGAGTCCAGGA-1_G2,OB/OB AT 1
TAGTTGGCATGCAATC-1_G2,OB/OB AT 1
TATCTCACACGTCAGC-1_G2,OB/OB AT 1
TATGCCCAGCACACAG-1_G2,OB/OB AT 2
TATTACCCAGCTTCGG-1_G2,OB/OB AT 3
TATTACCCAGTAAGAT-1_G2,OB/OB AT 3
TCAACGATCACTCTTA-1_G2,OB/OB AT 2
TCAATCTAGATAGCAT-1_G2,OB/OB AT 1
TCACAAGAGTTCCACA-1_G2,OB/OB AT 1
TCACGAAAGAGCCTAG-1_G2,OB/OB AT 2
TCACGAAAGAGTAATC-1_G2,OB/OB AT 2
TCACGAAAGGACAGCT-1_G2,OB/OB AT 1
TCACGAACAAGTTAAG-1_G2,OB/OB AT 1
TCACGAACAATGGTCT-1_G2,OB/OB AT 2
TCACGAAGTCCGTCAG-1_G2,OB/OB AT 2
TCACGAAGTTATGTGC-1_G2,OB/OB AT 3
TCACGAATCAATCTCT-1_G2,Uncommitted
TCAGATGCAGATGAGC-1_G2,Uncommitted
TCAGCAAAGCGTCAAG-1_G2,Uncommitted
TCAGCAAAGCGTGTCC-1_G2,OB/OB AT 3
TCAGCAAAGGATCGCA-1_G2,OB/OB AT 2
TCAGCAAGTAGAAAGG-1_G2,OB/OB AT 2
TCAGCAATCTTCTGGC-1_G2,OB/OB AT 2
TCAGCTCCAAGTACCT-1_G2,OB/OB AT 3
TCAGCTCGTGAAAGAG-1_G2,Uncommitted
TCAGCTCGTGCAGGTA-1_G2,OB/OB AT 1
TCAGGTAAGCTCAACT-1_G2,OB/OB AT 2
TCAGGTACAGTCCTTC-1_G2,OB/OB AT 2
TCAGGTAGTAACGCGA-1_G2,OB/OB AT 1
TCAGGTAGTGTAACGG-1_G2,OB/OB AT 2
TCATTTGAGAGTACCG-1_G2,OB/OB AT 2
TCATTTGCATACAGCT-1_G2,OB/OB AT 3
TCATTTGTCGGTGTTA-1_G2,Uncommitted
TCCACACCAATGACCT-1_G2,Uncommitted
TCCACACCACATCCAA-1_G2,OB/OB AT 2
TCCACACCACGCCAGT-1_G2,OB/OB AT 1
TCCACACCAGATCCAT-1_G2,OB/OB AT 3
TCCACACGTTTGTTGG-1_G2,OB/OB AT 1
TCCACACTCGGCGCTA-1_G2,OB/OB AT 3
TCCCGATAGATAGCAT-1_G2,Uncommitted
TCCCGATCAAAGTGCG-1_G2,OB/OB AT 3
TCGAGGCCACTAAGTC-1_G2,Uncommitted
TCGAGGCGTCCGAAGA-1_G2,OB/OB AT 2
TCGCGAGCAATCCAAC-1_G2,OB/OB AT 3
TCGCGAGCATATACGC-1_G2,OB/OB AT 3
TCGCGTTAGAGTACAT-1_G2,OB/OB AT 2
TCGCGTTCAAAGGAAG-1_G2,Uncommitted
TCGCGTTCACTGTCGG-1_G2,OB/OB AT 3
TCGCGTTCAGACGTAG-1_G2,OB/OB AT 1
TCGCGTTCATGCCCGA-1_G2,OB/OB AT 3
TCGCGTTGTCACTTCC-1_G2,OB/OB AT 2
TCGCGTTTCAATCACG-1_G2,Uncommitted
TCGCGTTTCATTGCCC-1_G2,Uncommitted
TCGCGTTTCGGACAAG-1_G2,OB/OB AT 3
TCGCGTTTCGGCTTGG-1_G2,OB/OB AT 2
TCGGGACAGATCCGAG-1_G2,Uncommitted
TCGGGACGTATAGGTA-1_G2,OB/OB AT 1
TCGGTAAGTACAGTTC-1_G2,Uncommitted
TCGTACCAGATCCGAG-1_G2,Uncommitted
TCGTACCAGGGAGTAA-1_G2,OB/OB AT 2
TCGTACCCAGTTCATG-1_G2,Uncommitted
TCGTACCGTGACAAAT-1_G2,OB/OB AT 2
TCGTACCTCGAACGGA-1_G2,Uncommitted
TCGTAGAAGTGTCCCG-1_G2,OB/OB AT 1
TCGTAGACAATGTTGC-1_G2,OB/OB AT 2
TCGTAGAGTAAGTTCC-1_G2,Uncommitted
TCGTAGAGTACCGCTG-1_G2,OB/OB AT 3
TCGTAGAGTCTGCGGT-1_G2,OB/OB AT 1
TCGTAGATCATGCAAC-1_G2,OB/OB AT 2
TCGTAGATCGTGTAGT-1_G2,Uncommitted
TCTATTGAGATGAGAG-1_G2,Uncommitted
TCTATTGAGCTGCGAA-1_G2,OB/OB AT 3
TCTATTGCAGCTCGCA-1_G2,OB/OB AT 2
TCTCATACACCTCGTT-1_G2,OB/OB AT 3
TCTCATACATCGATGT-1_G2,OB/OB AT 3
TCTCTAAAGCGATCCC-1_G2,OB/OB AT 2
TCTCTAACAATGAATG-1_G2,OB/OB AT 3
TCTCTAAGTGAGGGTT-1_G2,OB/OB AT 3
TCTCTAAGTGCACGAA-1_G2,OB/OB AT 3
TCTGAGAGTTCACCTC-1_G2,OB/OB AT 2
TCTGAGATCGCAAACT-1_G2,OB/OB AT 1
TCTGAGATCTGGGCCA-1_G2,OB/OB AT 2
TCTGGAACACTCAGGC-1_G2,Uncommitted
TCTGGAATCTGGCGAC-1_G2,OB/OB AT 2
TCTTCGGGTTGGGACA-1_G2,OB/OB AT 1
TCTTCGGTCACTTCAT-1_G2,OB/OB AT 3
TCTTTCCAGAAACCGC-1_G2,OB/OB AT 1
TCTTTCCAGCAGGCTA-1_G2,OB/OB AT 3
TCTTTCCCACCTGGTG-1_G2,OB/OB AT 2
TCTTTCCTCACCAGGC-1_G2,Uncommitted
TGAAAGACAATAAGCA-1_G2,OB/OB AT 1
TGAAAGAGTAGGGACT-1_G2,OB/OB AT 2
TGAAAGAGTGCCTGTG-1_G2,Uncommitted
TGACAACTCGGAGCAA-1_G2,OB/OB AT 3
TGACGGCAGGCGTACA-1_G2,OB/OB AT 2
TGACGGCTCACAGTAC-1_G2,OB/OB AT 2
TGACTAGCAGTTCCCT-1_G2,OB/OB AT 2
TGACTAGGTCTTCGTC-1_G2,Uncommitted
TGACTTTAGGTAAACT-1_G2,OB/OB AT 3
TGAGCCGAGGGCACTA-1_G2,OB/OB AT 3
TGAGCCGCACTACAGT-1_G2,OB/OB AT 1
TGAGGGACATTCTTAC-1_G2,OB/OB AT 1
TGATTTCAGCCCAGCT-1_G2,OB/OB AT 3
TGATTTCCACCAGATT-1_G2,OB/OB AT 1
TGCACCTAGCCTTGAT-1_G2,OB/OB AT 2
TGCACCTGTACGAAAT-1_G2,Uncommitted
TGCCCATTCATTCACT-1_G2,OB/OB AT 1
TGCCCTAGTTCATGGT-1_G2,OB/OB AT 3
TGCGCAGAGCAGGTCA-1_G2,Uncommitted
TGCGCAGAGTCCATAC-1_G2,OB/OB AT 2
TGCGCAGTCCAAGTAC-1_G2,Uncommitted
TGCGGGTCAAGAAGAG-1_G2,OB/OB AT 1
TGCGGGTCAAGAGTCG-1_G2,OB/OB AT 1
TGCGGGTGTCTGCCAG-1_G2,OB/OB AT 1
TGCGGGTGTGATAAGT-1_G2,OB/OB AT 3
TGCGTGGAGCGTGAGT-1_G2,OB/OB AT 2
TGCGTGGAGGCCCGTT-1_G2,OB/OB AT 1
TGCGTGGAGTGAATTG-1_G2,OB/OB AT 2
TGCGTGGCATCCTAGA-1_G2,Uncommitted
TGCTACCCATATGAGA-1_G2,OB/OB AT 3
TGCTACCGTCCAGTAT-1_G2,Uncommitted
TGCTGCTAGGATTCGG-1_G2,OB/OB AT 3
TGCTGCTAGTGACTCT-1_G2,OB/OB AT 2
TGCTGCTGTGACCAAG-1_G2,OB/OB AT 2
TGGACGCAGGCTCTTA-1_G2,OB/OB AT 1
TGGCCAGAGGTGTTAA-1_G2,OB/OB AT 3
TGGCCAGGTGTGAATA-1_G2,OB/OB AT 1
TGGCGCAAGCAATCTC-1_G2,OB/OB AT 3
TGGCGCAGTATAGGGC-1_G2,OB/OB AT 2
TGGCGCATCTTGTACT-1_G2,OB/OB AT 1
TGGCTGGAGGCCGAAT-1_G2,OB/OB AT 1
TGGCTGGAGTGCAAGC-1_G2,OB/OB AT 1
TGGCTGGGTTGCGCAC-1_G2,OB/OB AT 3
TGGCTGGGTTGGTGGA-1_G2,OB/OB AT 3
TGGCTGGTCCTCAACC-1_G2,Uncommitted
TGGCTGGTCGGAAACG-1_G2,OB/OB AT 3
TGGTTAGTCAACACGT-1_G2,OB/OB AT 3
TGGTTCCAGGTGCTTT-1_G2,OB/OB AT 3
TGGTTCCCACGCATCG-1_G2,OB/OB AT 2
TGGTTCCGTCCGACGT-1_G2,Uncommitted
TGGTTCCTCGAATGCT-1_G2,OB/OB AT 3
TGTATTCTCCGAACGC-1_G2,Uncommitted
TGTCCCACAGCCTGTG-1_G2,Uncommitted
TGTCCCACATACGCTA-1_G2,OB/OB AT 3
TGTGGTACACTCTGTC-1_G2,Uncommitted
TGTGGTAGTAAAGTCA-1_G2,OB/OB AT 2
TGTGTTTAGGGATCTG-1_G2,OB/OB AT 2
TGTGTTTGTGAGTGAC-1_G2,OB/OB AT 1
TGTGTTTGTGTCAATC-1_G2,OB/OB AT 3
TGTTCCGAGAATAGGG-1_G2,OB/OB AT 2
TGTTCCGTCCAGAGGA-1_G2,OB/OB AT 2
TTAGGACCACGGATAG-1_G2,OB/OB AT 3
TTAGGACTCTGTTTGT-1_G2,OB/OB AT 2
TTAGGCAAGGAGTCTG-1_G2,OB/OB AT 2
TTAGGCAAGTGTCCCG-1_G2,OB/OB AT 3
TTAGGCACACGAAACG-1_G2,OB/OB AT 2
TTAGTTCAGCGGCTTC-1_G2,OB/OB AT 3
TTAGTTCGTAATCGTC-1_G2,Uncommitted
TTAGTTCTCACGGTTA-1_G2,OB/OB AT 2
TTAGTTCTCTATCGCC-1_G2,OB/OB AT 3
TTAGTTCTCTTCCTTC-1_G2,OB/OB AT 2
TTATGCTCACGGCCAT-1_G2,OB/OB AT 2
TTCCCAGAGAGACTTA-1_G2,OB/OB AT 1
TTCCCAGCAACACCTA-1_G2,OB/OB AT 2
TTCCCAGCATTTCACT-1_G2,OB/OB AT 3
TTCCCAGGTGCAGTAG-1_G2,OB/OB AT 3
TTCCCAGTCAGTTTGG-1_G2,Uncommitted
TTCGAAGGTACCGGCT-1_G2,Uncommitted
TTCGAAGGTGAGTGAC-1_G2,OB/OB AT 3
TTCGAAGGTGGGTATG-1_G2,OB/OB AT 3
TTCGGTCCAGACGTAG-1_G2,OB/OB AT 2
TTCGGTCCATCTATGG-1_G2,OB/OB AT 3
TTCGGTCTCAACGGGA-1_G2,OB/OB AT 2
TTCTACACAATACGCT-1_G2,OB/OB AT 3
TTCTCAAAGCCACTAT-1_G2,OB/OB AT 2
TTCTCAAAGTGGCACA-1_G2,Uncommitted
TTCTCAACACTTACGA-1_G2,OB/OB AT 3
TTCTCAATCCTGCCAT-1_G2,OB/OB AT 3
TTCTCCTTCGGAAACG-1_G2,OB/OB AT 3
TTCTCCTTCTGGAGCC-1_G2,OB/OB AT 1
TTCTTAGCATAGTAAG-1_G2,OB/OB AT 3
TTCTTAGGTATTAGCC-1_G2,OB/OB AT 3
TTGAACGAGTGTTAGA-1_G2,Uncommitted
TTGAACGTCATACGGT-1_G2,OB/OB AT 2
TTGAACGTCGGAAATA-1_G2,OB/OB AT 1
TTGACTTGTATAGGGC-1_G2,OB/OB AT 3
TTGACTTTCATACGGT-1_G2,OB/OB AT 3
TTGACTTTCTGGCGTG-1_G2,OB/OB AT 2
TTGCCGTAGATGCCAG-1_G2,OB/OB AT 1
TTGCCGTGTTCCTCCA-1_G2,OB/OB AT 1
TTGCGTCGTCTGGTCG-1_G2,OB/OB AT 1
TTGCGTCTCATCATTC-1_G2,Uncommitted
TTGCGTCTCGAGAACG-1_G2,OB/OB AT 1
TTGCGTCTCTGCTGCT-1_G2,OB/OB AT 1
TTGGAACCAATTGCTG-1_G2,OB/OB AT 3
TTGGAACGTTCACGGC-1_G2,Uncommitted
TTGGCAACAACTGCGC-1_G2,OB/OB AT 3
TTGGCAACACGGTTTA-1_G2,OB/OB AT 3
TTGGCAAGTGGTCTCG-1_G2,OB/OB AT 2
TTGGCAATCCAGTATG-1_G2,OB/OB AT 2
TTGTAGGCACCAGCAC-1_G2,OB/OB AT 3
TTTACTGCAATGTAAG-1_G2,Uncommitted
TTTACTGCATTGGTAC-1_G2,Uncommitted
TTTACTGGTCTCACCT-1_G2,OB/OB AT 1
TTTACTGTCATGTCCC-1_G2,OB/OB AT 2
TTTACTGTCCACGAAT-1_G2,OB/OB AT 1
TTTACTGTCTCTTGAT-1_G2,Uncommitted
TTTATGCCAAACCTAC-1_G2,OB/OB AT 3
TTTATGCCAGGGTATG-1_G2,OB/OB AT 1
TTTGCGCAGTTAAGTG-1_G2,Uncommitted
TTTGCGCCAGCTGTGC-1_G2,Uncommitted
TTTGCGCGTCCTAGCG-1_G2,OB/OB AT 1
TTTGGTTAGGTACTCT-1_G2,OB/OB AT 2
TTTGGTTAGTACGTAA-1_G2,Uncommitted
TTTGGTTCAGACGCAA-1_G2,OB/OB AT 2
TTTGGTTCATTTGCCC-1_G2,OB/OB AT 2
TTTGGTTGTACACCGC-1_G2,Uncommitted
TTTGGTTTCACAACGT-1_G2,OB/OB AT 3
TTTGTCAGTGTCGCTG-1_G2,OB/OB AT 3
TTTGTCATCACGATGT-1_G2,OB/OB AT 2
